1497741900,0.00018653,0.00018474,0.00018653,0.00018474,3.91673268,21174.4919696,0.00018497
1497742200,0.00018747,0.00018557,0.00018747,0.00018557,0.06938189,373.48900738,0.00018576
1497742500,0.00018474,0.00018473,0.00018474,0.00018473,0.1921222,1040.0,0.00018473
1497742800,0.00018557,0.00018473,0.00018473,0.00018481,0.05991405,323.8734486,0.00018499
1497743100,0.00018481,0.00018481,0.00018481,0.00018481,0.0,0.0,0.00018481
1497743400,0.00018557,0.00018485,0.00018556,0.00018557,0.02643425,142.91511727,0.00018496
1497743700,0.00018743,0.00018556,0.00018557,0.00018556,0.06273754,338.03035579,0.00018559
1497744000,0.00018556,0.00018492,0.00018492,0.00018501,0.10639312,575.06215012,0.00018501
1497744300,0.00018502,0.000185,0.00018501,0.000185,0.34565378,1868.39337621,0.000185
1497744600,0.00018591,0.000185,0.00018557,0.00018591,1.60925331,8698.34533512,0.000185
1497744900,0.00018622,0.000185,0.00018621,0.00018622,0.14421361,777.43713461,0.00018549
1497745200,0.00018591,0.00018487,0.00018591,0.00018488,0.20186142,1088.92541493,0.00018537
1497745500,0.000187,0.00018482,0.00018482,0.000187,0.98321994,5261.88076129,0.00018685
1497745800,0.00018861,0.00018695,0.00018695,0.00018833,1.73852662,9231.51111421,0.00018832
1497746100,0.00018833,0.000185,0.00018743,0.000185,1.93418681,10438.7571166,0.00018528
1497746400,0.00018687,0.00018512,0.00018512,0.00018687,0.02625553,140.64812854,0.00018667
1497746700,0.00018692,0.00018687,0.00018692,0.00018687,0.06958493,372.36784344,0.00018687
1497747000,0.00018689,0.0001853,0.00018688,0.0001853,0.18415953,985.85328117,0.0001868
1497747300,0.00018679,0.00018529,0.00018529,0.00018678,0.47969774,2587.67660919,0.00018537
1497747600,0.00018547,0.000185,0.00018547,0.000185,0.07894189,426.38079405,0.00018514
1497747900,0.00018684,0.00018641,0.00018641,0.00018684,0.01754633,94.0516075,0.00018656
1497748200,0.00018688,0.00018554,0.00018684,0.00018554,0.09710099,519.728381,0.00018683
1497748500,0.00018687,0.00018687,0.00018687,0.00018687,0.028,149.83678494,0.00018687
1497748800,0.00018708,0.00018559,0.00018622,0.00018708,0.99125996,5300.99954317,0.00018699
1497749100,0.00018703,0.00018703,0.00018703,0.00018703,0.56609299,3026.74969671,0.00018703
1497749400,0.00018796,0.00018789,0.00018789,0.00018796,0.0529109,281.58281522,0.0001879
1497749700,0.00018804,0.000188,0.000188,0.00018804,0.31640186,1682.64362686,0.00018803
1497750000,0.00018835,0.00018835,0.00018835,0.00018835,0.00530134,28.14627024,0.00018835
1497750300,0.00018862,0.00018829,0.00018829,0.00018862,0.01033781,54.86334878,0.00018842
1497750600,0.00018862,0.00018862,0.00018862,0.00018862,0.0,0.0,0.00018862
1497750900,0.00018966,0.00018862,0.00018862,0.00018966,1.10090915,5808.77604023,0.00018952
1497751200,0.00018846,0.00018846,0.00018846,0.00018846,0.01184122,62.83151029,0.00018846
1497751500,0.00018912,0.00018912,0.00018912,0.00018912,0.00039999,2.11505922,0.00018912
1497751800,0.00018884,0.00018884,0.00018884,0.00018884,0.0101204,53.59249538,0.00018884
1497752100,0.00018912,0.00018911,0.00018911,0.00018912,0.01906569,100.81773433,0.00018911
1497752400,0.00018912,0.00018911,0.00018912,0.00018911,0.78897311,4171.81280287,0.00018911
1497752700,0.00018911,0.00018911,0.00018911,0.00018911,0.16968104,897.26110256,0.00018911
1497753000,0.00018912,0.00018911,0.00018911,0.00018911,0.26499859,1401.29324008,0.00018911
1497753300,0.00018941,0.000189,0.00018912,0.00018941,1.30551812,6905.96342738,0.00018904
1497753600,0.00018977,0.00018941,0.00018966,0.00018941,0.0444827,234.82645083,0.00018942
1497753900,0.00019046,0.00018978,0.00018978,0.00019046,0.53247451,2796.76471105,0.00019038
1497754200,0.0001922,0.00019,0.00019026,0.00019,2.80535724,14702.6200921,0.0001908
1497754500,0.0001922,0.00019007,0.00019007,0.0001922,1.94262079,10141.3925058,0.00019155
1497754800,0.00019221,0.0001922,0.0001922,0.00019221,0.01180845,61.43556418,0.0001922
1497755100,0.00019266,0.00019016,0.00019222,0.00019016,0.1214029,630.47644834,0.00019255
1497755400,0.00019019,0.00019002,0.00019017,0.00019006,0.09573811,503.53361964,0.00019013
1497755700,0.00019017,0.00019012,0.00019014,0.00019017,0.0755598,397.42528008,0.00019012
1497756000,0.00019263,0.00019016,0.00019016,0.00019263,0.04784982,251.06005342,0.00019059
1497756300,0.00019118,0.00018917,0.00019118,0.00018919,0.64373519,3395.93620591,0.00018956
1497756600,0.00019108,0.00019005,0.00019005,0.00019108,0.01880807,98.46556364,0.00019101
1497756900,0.00019108,0.00019108,0.00019108,0.00019108,0.0,0.0,0.00019108
1497757200,0.00019108,0.00019108,0.00019108,0.00019108,0.0,0.0,0.00019108
1497757500,0.00019071,0.00019009,0.00019071,0.00019009,0.18678164,980.75166475,0.00019044
1497757800,0.00019064,0.00019048,0.00019048,0.00019064,0.5394832,2830.46110543,0.00019059
1497758100,0.00019113,0.00019064,0.00019113,0.00019064,0.06670287,349.79507481,0.00019069
1497758400,0.00019113,0.00019113,0.00019113,0.00019113,0.02361821,123.57144526,0.00019113
1497758700,0.00019117,0.00019113,0.00019113,0.00019117,0.00724191,37.88930435,0.00019113
1497759000,0.00019118,0.00019117,0.00019118,0.00019117,0.00348618,18.23596798,0.00019117
1497759300,0.00019233,0.00019232,0.00019232,0.00019233,0.00399375,20.76610639,0.00019232
1497759600,0.00019233,0.00019233,0.00019233,0.00019233,0.00748905,38.93856786,0.00019233
1497759900,0.000192,0.00019119,0.0001912,0.000192,0.12418224,648.19587342,0.00019158
1497760200,0.00019068,0.00019067,0.00019067,0.00019068,0.0160735,84.29847087,0.00019067
1497760500,0.0001907,0.0001907,0.0001907,0.0001907,0.03623863,190.02954821,0.0001907
1497760800,0.00019069,0.00018999,0.00019069,0.00019,1.86103688,9767.35820159,0.00019053
1497761100,0.00019,0.00019,0.00019,0.00019,0.0,0.0,0.00019
1497761400,0.00018998,0.00018998,0.00018998,0.00018998,0.00131507,6.92216338,0.00018998
1497761700,0.00019,0.00018973,0.00018999,0.00018998,0.04099892,215.78975071,0.00018999
1497762000,0.00018997,0.00018997,0.00018997,0.00018997,0.00534346,28.12792282,0.00018997
1497762300,0.00018997,0.00018706,0.00018997,0.00018706,0.8156047,4345.301411,0.00018769
1497762600,0.00018952,0.00018704,0.00018795,0.0001895,1.09752386,5865.45527462,0.00018711
1497762900,0.00018937,0.00018647,0.0001873,0.0001892,0.31349326,1675.23890581,0.00018713
1497763200,0.00018903,0.00018704,0.00018704,0.00018903,0.01093519,57.90165582,0.00018885
1497763500,0.00018727,0.00018727,0.00018727,0.00018727,0.00011734,0.62658659,0.00018727
1497763800,0.00018707,0.00018637,0.00018707,0.00018637,0.7466833,4000.0,0.00018667
1497764100,0.00018794,0.00018636,0.00018726,0.00018637,1.67113968,8961.95055173,0.00018647
1497764400,0.00018636,0.0001856,0.00018636,0.0001856,1.73771187,9354.85833303,0.00018575
1497764700,0.0001872,0.00018595,0.0001872,0.00018595,0.00083716,4.47695033,0.00018699
1497765000,0.00018708,0.00018708,0.00018708,0.00018708,0.00088942,4.75427351,0.00018708
1497765300,0.00018673,0.00018673,0.00018673,0.00018673,0.00041768,2.23682833,0.00018673
1497765600,0.00018815,0.00018726,0.00018726,0.00018815,0.0073106,39.02047458,0.00018735
1497765900,0.00018817,0.00018729,0.00018815,0.00018729,0.01007904,53.59330421,0.00018806
1497766200,0.00018727,0.00018727,0.00018727,0.00018727,0.07753044,414.00353135,0.00018727
1497766500,0.000193,0.00018823,0.00018823,0.00019006,10.51049679,55005.2197117,0.00019108
1497766800,0.00019004,0.00019004,0.00019004,0.00019004,0.00431816,22.72242334,0.00019004
1497767100,0.00018954,0.0001865,0.00018954,0.00018688,0.80584353,4300.15227625,0.00018739
1497767400,0.00018761,0.00018713,0.0001876,0.00018713,0.11668884,623.28442151,0.00018721
1497767700,0.00018727,0.00018638,0.00018727,0.00018645,1.60663569,8610.20219751,0.00018659
1497768000,0.00018645,0.00018644,0.00018645,0.00018644,0.03303443,177.17880641,0.00018644
1497768300,0.00018644,0.00018644,0.00018644,0.00018644,0.00632959,33.94978476,0.00018644
1497768600,0.00018643,0.00018637,0.00018643,0.00018639,0.77682043,4168.10367328,0.00018637
1497768900,0.00018639,0.00018637,0.00018639,0.00018637,0.23438994,1257.65760098,0.00018637
1497769200,0.0001863,0.00018595,0.00018626,0.0001863,0.79666753,4276.51941115,0.00018628
1497769500,0.00018645,0.0001857,0.00018631,0.0001857,1.44373537,7768.97065169,0.00018583
1497769800,0.00018574,0.0001857,0.0001857,0.00018574,0.00249999,13.46083449,0.00018572
1497770100,0.0001857,0.0001857,0.0001857,0.0001857,0.07830821,421.69206329,0.0001857
1497770400,0.0001857,0.0001857,0.0001857,0.0001857,0.04000009,215.4016847,0.0001857
1497770700,0.0001856,0.00018553,0.0001856,0.0001856,0.4701893,2533.71889443,0.00018557
1497771000,0.00018575,0.0001845,0.0001856,0.0001845,4.76547328,25746.1513589,0.00018509
1497771300,0.00018559,0.00018512,0.00018512,0.00018559,0.02544687,137.25340729,0.0001854
1497771600,0.00018546,0.00018515,0.00018515,0.00018546,0.00563849,30.42424313,0.00018532
1497771900,0.00018545,0.00018512,0.00018545,0.00018512,0.18145355,979.87367346,0.00018518
1497772200,0.00018501,0.00018451,0.00018452,0.000185,1.0873962,5884.81789774,0.00018477
1497772500,0.00018497,0.00018453,0.00018482,0.00018453,0.09558526,516.84811233,0.00018493
1497772800,0.00018453,0.00018451,0.00018453,0.00018451,0.36058069,1954.14336781,0.00018452
1497773100,0.00018452,0.0001845,0.00018452,0.0001845,0.3298394,1787.71957681,0.0001845
1497773400,0.00018451,0.0001835,0.00018451,0.00018451,0.75178631,4085.61531354,0.000184
1497773700,0.00018451,0.00018451,0.00018451,0.00018451,0.01479999,80.2124546,0.00018451
1497774000,0.000185,0.00018451,0.00018451,0.000185,2.38955,12924.1633508,0.00018489
1497774300,0.00018452,0.00018452,0.00018452,0.00018452,0.40440101,2191.63785106,0.00018452
1497774600,0.00018452,0.00018323,0.00018451,0.00018452,0.79002082,4300.48827566,0.0001837
1497774900,0.00018452,0.00018452,0.00018452,0.00018452,0.05221916,283.0,0.00018452
1497775200,0.000185,0.00018452,0.00018452,0.000185,0.00733433,39.70233897,0.00018473
1497775500,0.000185,0.00018452,0.000185,0.00018452,0.31131069,1684.14992905,0.00018484
1497775800,0.0001854,0.00018499,0.00018499,0.0001854,1.6518435,8922.47521886,0.00018513
1497776100,0.00018575,0.00018452,0.00018541,0.00018452,8.11285533,43692.712993,0.00018567
1497776400,0.00018452,0.00018452,0.00018452,0.00018452,0.0,0.0,0.00018452
1497776700,0.00018464,0.00018332,0.00018461,0.00018334,0.85581015,4639.8596345,0.00018444
1497777000,0.00018366,0.0001835,0.0001835,0.00018366,0.12483462,679.81303176,0.00018363
1497777300,0.00018382,0.00018371,0.00018371,0.00018382,0.11350224,617.53014832,0.0001838
1497777600,0.0001845,0.0001842,0.0001842,0.0001845,0.01722396,93.456112,0.0001843
1497777900,0.00018514,0.0001845,0.0001845,0.00018514,0.00609886,33.05095725,0.00018452
1497778200,0.00018521,0.00018465,0.00018465,0.00018521,0.00484907,26.19298234,0.00018512
1497778500,0.00018571,0.00018519,0.00018519,0.00018571,0.25567412,1378.947773,0.00018541
1497778800,0.0001869,0.0001852,0.00018571,0.0001869,4.51758569,24231.8735769,0.00018643
1497779100,0.00018689,0.00018665,0.00018665,0.00018689,0.01280963,68.61123596,0.00018669
1497779400,0.00018689,0.0001864,0.0001864,0.0001864,0.2376541,1274.52500474,0.00018646
1497779700,0.0001869,0.0001864,0.0001864,0.0001869,1.2526114,6704.73491447,0.00018682
1497780000,0.0001869,0.00018689,0.00018689,0.00018689,0.99391718,5317.97349328,0.00018689
1497780300,0.0001869,0.00018689,0.00018689,0.0001869,0.03296236,176.37309595,0.00018689
1497780600,0.0001871,0.0001871,0.0001871,0.0001871,0.01629784,87.1076557,0.0001871
1497780900,0.00018815,0.0001879,0.00018815,0.0001879,0.06896432,366.62758604,0.0001881
1497781200,0.00018826,0.00018712,0.00018792,0.00018826,0.10300909,549.43143989,0.00018748
1497781500,0.00018826,0.00018719,0.00018826,0.00018719,0.03841247,204.92665482,0.00018744
1497781800,0.00018783,0.00018723,0.00018783,0.00018783,0.30154,1605.3987901,0.00018782
1497782100,0.00018783,0.00018381,0.00018783,0.00018783,2.01512185,10789.0437228,0.00018677
1497782400,0.00018745,0.00018745,0.00018745,0.00018745,0.00399637,21.31968873,0.00018745
1497782700,0.0001867,0.00018574,0.0001867,0.00018574,0.03087681,165.40075159,0.00018667
1497783000,0.00018666,0.00018487,0.00018487,0.00018666,0.02771307,148.78403336,0.00018626
1497783300,0.00018666,0.00018666,0.00018666,0.00018666,0.08272286,443.17405091,0.00018666
1497783600,0.00018668,0.00018666,0.00018667,0.00018666,0.17448442,934.75973534,0.00018666
1497783900,0.0001876,0.0001876,0.0001876,0.0001876,0.005,26.65245203,0.0001876
1497784200,0.0001882,0.00018483,0.0001869,0.00018483,0.77088701,4126.3555647,0.00018682
1497784500,0.00018666,0.00018663,0.00018663,0.00018666,0.10589417,567.31782305,0.00018665
1497784800,0.00018665,0.00018665,0.00018665,0.00018665,0.00010099,0.54111974,0.00018665
1497785100,0.0001864,0.0001864,0.0001864,0.0001864,0.00293942,15.76947258,0.0001864
1497785400,0.00018666,0.0001864,0.0001864,0.00018666,0.21453905,1149.418,0.00018665
1497785700,0.00018666,0.00018487,0.00018665,0.00018549,8.3424022,44992.2640509,0.00018541
1497786000,0.00018672,0.00018671,0.00018671,0.00018672,0.00461404,24.71167068,0.00018671
1497786300,0.00018678,0.000185,0.00018664,0.00018509,0.79173715,4249.45339074,0.00018631
1497786600,0.00018696,0.00018693,0.00018696,0.00018695,0.02872813,153.66476273,0.00018695
1497786900,0.00018699,0.00018534,0.00018697,0.00018699,0.21305042,1141.81471693,0.00018658
1497787200,0.00018545,0.00018544,0.00018545,0.00018544,0.01826834,98.51271487,0.00018544
1497787500,0.00018569,0.00018553,0.00018569,0.00018553,0.03056304,164.64746284,0.00018562
1497787800,0.00018696,0.00018624,0.00018695,0.00018624,0.14669928,784.85524779,0.00018691
1497788100,0.0001863,0.0001863,0.0001863,0.0001863,0.0252639,135.60871008,0.0001863
1497788400,0.000187,0.00018637,0.00018637,0.000187,0.00152292,8.14767781,0.00018691
1497788700,0.000187,0.00018699,0.00018699,0.000187,0.05436341,290.7271524,0.00018699
1497789000,0.0001882,0.0001866,0.00018699,0.00018661,0.32940545,1760.34212537,0.00018712
1497789300,0.00018813,0.0001867,0.00018813,0.0001867,0.03564395,190.78660945,0.00018682
1497789600,0.00018665,0.000185,0.0001866,0.00018658,0.70992899,3814.91235227,0.00018609
1497789900,0.00018517,0.00018517,0.00018517,0.00018517,0.01230069,66.42918416,0.00018517
1497790200,0.00018651,0.00018651,0.00018651,0.00018651,0.01999249,107.19262514,0.00018651
1497790500,0.0001866,0.00018642,0.00018642,0.0001866,0.35161322,1884.97373159,0.00018653
1497790800,0.0001866,0.00018623,0.00018623,0.0001866,0.18913317,1013.597077,0.00018659
1497791100,0.00018517,0.00018517,0.00018517,0.00018517,0.0002137,1.1541,0.00018517
1497791400,0.00018518,0.00018518,0.00018518,0.00018518,0.03159325,170.60833468,0.00018518
1497791700,0.00018651,0.00018518,0.00018518,0.00018651,0.1892605,1016.63736715,0.00018616
1497792000,0.00018619,0.00018352,0.00018619,0.00018381,0.36400034,1971.47815938,0.00018463
1497792300,0.00018516,0.00018516,0.00018516,0.00018516,0.0022716,12.26830849,0.00018516
1497792600,0.00018516,0.000183,0.00018516,0.000183,4.08545311,22312.5747502,0.0001831
1497792900,0.00018407,0.00018274,0.00018407,0.00018274,0.43985597,2403.83904217,0.00018298
1497793200,0.000184,0.00018279,0.000184,0.00018286,0.25449044,1392.11402424,0.0001828
1497793500,0.00018286,0.00018286,0.00018286,0.00018286,0.01811091,99.04250616,0.00018286
1497793800,0.00018362,0.00018326,0.0001836,0.0001835,0.13676281,744.97099281,0.00018358
1497794100,0.0001835,0.00018273,0.0001835,0.00018273,1.79595757,9822.8599208,0.00018283
1497794400,0.00018397,0.00018273,0.00018274,0.00018312,0.1038941,568.06462263,0.00018289
1497794700,0.00018312,0.00018312,0.00018312,0.00018312,0.0,0.0,0.00018312
1497795000,0.00018398,0.0001838,0.00018398,0.00018398,0.30090454,1635.8695652,0.00018394
1497795300,0.00018398,0.00018389,0.00018389,0.00018398,0.16198599,880.48103201,0.00018397
1497795600,0.00018398,0.00018202,0.00018398,0.00018202,5.54000071,30379.1488007,0.00018236
1497795900,0.00018369,0.00018205,0.00018369,0.00018205,0.05009953,274.95644982,0.0001822
1497796200,0.00018398,0.00018238,0.00018357,0.00018238,0.0188032,102.51462301,0.00018341
1497796500,0.00018237,0.00018236,0.00018237,0.00018236,0.04285028,234.97604049,0.00018236
1497796800,0.00018238,0.00018118,0.00018238,0.00018118,1.69860316,9360.04891909,0.00018147
1497797100,0.0001836,0.0001834,0.0001836,0.00018354,0.20825533,1134.65181424,0.00018354
1497797400,0.00018345,0.00018155,0.00018155,0.00018336,0.18857821,1030.50774639,0.00018299
1497797700,0.00018346,0.00018336,0.00018336,0.00018346,0.2402555,1310.2049342,0.00018337
1497798000,0.00018343,0.00018338,0.00018342,0.00018343,0.57681945,3144.93633225,0.00018341
1497798300,0.00018343,0.00018342,0.00018342,0.00018343,0.24062579,1311.81798683,0.00018342
1497798600,0.00018343,0.00018342,0.00018343,0.00018342,0.13119949,715.25727499,0.00018342
1497798900,0.00018373,0.00018343,0.00018343,0.00018372,0.52140073,2842.38751077,0.00018343
1497799200,0.00018373,0.00018373,0.00018373,0.00018373,0.00025654,1.39630403,0.00018373
1497799500,0.00018507,0.00018375,0.00018375,0.00018507,1.8523721,10031.6285563,0.00018465
1497799800,0.00018505,0.00018386,0.00018386,0.00018505,0.01666041,90.30556091,0.00018448
1497800100,0.00018689,0.000185,0.00018505,0.00018689,1.48577,7976.47365459,0.00018626
1497800400,0.00018762,0.000186,0.00018652,0.00018658,0.6263827,3343.62976755,0.00018733
1497800700,0.00018775,0.00018651,0.00018678,0.00018678,0.7111493,3793.69318231,0.00018745
1497801000,0.00018776,0.00018774,0.00018774,0.00018774,0.35316069,1881.00579741,0.00018775
1497801300,0.00018774,0.00018774,0.00018774,0.00018774,0.04680397,249.3021091,0.00018774
1497801600,0.00018776,0.00018774,0.00018775,0.00018776,0.84176796,4483.29499063,0.00018775
1497801900,0.00018793,0.00018774,0.00018775,0.00018793,0.01641534,87.40411836,0.0001878
1497802200,0.000188,0.00018774,0.00018796,0.00018776,0.18735463,997.92086393,0.00018774
1497802500,0.00018775,0.00018537,0.00018775,0.00018537,0.54975876,2955.83701487,0.00018599
1497802800,0.00018538,0.0001843,0.00018538,0.0001843,0.29171949,1577.36611726,0.00018494
1497803100,0.00018426,0.00018382,0.00018382,0.00018426,0.35878895,1951.77118746,0.00018382
1497803400,0.0001843,0.0001843,0.0001843,0.0001843,0.22426799,1216.86377183,0.0001843
1497803700,0.000184,0.00018397,0.000184,0.00018399,0.25773395,1400.80378493,0.00018399
1497804000,0.000184,0.00018375,0.000184,0.00018375,0.00695679,37.82315697,0.00018392
1497804300,0.00018592,0.00018393,0.00018393,0.00018396,0.5711516,3082.39950858,0.00018529
1497804600,0.00018403,0.0001839,0.00018402,0.00018391,0.6935307,3770.01857758,0.00018395
1497804900,0.00018404,0.00018391,0.000184,0.00018403,0.683678,3717.15635282,0.00018392
1497805200,0.00018594,0.00018414,0.00018415,0.00018422,0.0617341,334.60957617,0.00018449
1497805500,0.00018433,0.00018433,0.00018433,0.00018433,0.01819671,98.7181514,0.00018433
1497805800,0.00018593,0.00018556,0.00018556,0.00018557,0.16876761,909.03597942,0.00018565
1497806100,0.00018534,0.00018394,0.00018534,0.00018398,0.60623943,3285.22121738,0.00018453
1497806400,0.0001853,0.00018403,0.00018404,0.00018529,0.04813279,260.49625984,0.00018477
1497806700,0.0001853,0.00018529,0.0001853,0.00018529,0.01485555,80.17327342,0.00018529
1497807000,0.00018557,0.00018534,0.00018534,0.00018536,0.02817903,152.00506476,0.00018538
1497807300,0.00018591,0.00018537,0.00018539,0.00018591,0.08063122,434.73085167,0.00018547
1497807600,0.00018727,0.00018528,0.00018591,0.00018528,0.86742311,4676.62685189,0.00018548
1497807900,0.00019408,0.00018525,0.00018531,0.00019006,20.94926847,109237.020061,0.00019177
1497808200,0.00019008,0.00018826,0.00019006,0.00019007,0.93206133,4923.91665697,0.00018929
1497808500,0.00018838,0.00018826,0.00018838,0.00018826,0.17446246,926.6998781,0.00018826
1497808800,0.00018827,0.00018826,0.00018826,0.00018827,0.03409173,181.08853433,0.00018826
1497809100,0.00018885,0.00018826,0.00018826,0.00018829,0.25430922,1349.61238532,0.00018843
1497809400,0.00018845,0.00018829,0.00018832,0.00018845,0.05003904,265.67144279,0.00018834
1497809700,0.00018884,0.00018826,0.00018829,0.00018838,0.36679628,1947.8690978,0.0001883
1497810000,0.00018832,0.00018555,0.00018826,0.00018831,0.21880997,1164.81511574,0.00018784
1497810300,0.00018807,0.00018807,0.00018807,0.00018807,0.00098938,5.26070454,0.00018807
1497810600,0.00018864,0.00018639,0.00018806,0.00018639,0.52504591,2802.48589668,0.00018735
1497810900,0.00018786,0.00018675,0.00018675,0.00018786,0.08157146,435.59165374,0.00018726
1497811200,0.00018881,0.00018786,0.00018786,0.00018881,0.32880372,1750.20837767,0.00018786
1497811500,0.000188,0.00018644,0.000188,0.00018765,0.25911241,1382.40736526,0.00018743
1497811800,0.00019,0.00018766,0.00018766,0.00018924,1.09692797,5788.9209282,0.00018948
1497812100,0.00018838,0.00018801,0.00018801,0.00018838,0.07108938,377.39191034,0.00018837
1497812400,0.00018919,0.00018838,0.00018838,0.00018919,0.02879037,152.60412262,0.00018866
1497812700,0.00018845,0.00018845,0.00018845,0.00018845,0.00518811,27.53044909,0.00018845
1497813000,0.00019,0.00018882,0.00018882,0.00018882,0.89744776,4725.263157,0.00018992
1497813300,0.00018857,0.00018857,0.00018857,0.00018857,0.10592261,561.71510959,0.00018857
1497813600,0.00018882,0.00018857,0.00018882,0.00018857,0.08029776,425.70262074,0.00018862
1497813900,0.00018858,0.00018838,0.00018858,0.00018838,0.98074993,5204.39757929,0.00018844
1497814200,0.00018838,0.000188,0.00018838,0.000188,0.19365213,1028.79535017,0.00018823
1497814500,0.00018803,0.000188,0.00018803,0.000188,0.496384,2640.26886971,0.000188
1497814800,0.00018792,0.00018765,0.00018784,0.00018765,0.02264754,120.61084455,0.00018777
1497815100,0.00018764,0.000187,0.00018763,0.00018764,0.59727949,3183.35096809,0.00018762
1497815400,0.00018825,0.00018825,0.00018825,0.00018825,0.01899798,100.91889308,0.00018825
1497815700,0.00018784,0.00018423,0.00018764,0.00018776,3.41949748,18458.4928033,0.00018525
1497816000,0.00018776,0.00018776,0.00018776,0.00018776,0.00010999,0.58585428,0.00018776
1497816300,0.00018776,0.00018764,0.00018764,0.00018776,0.06091359,324.45466412,0.00018774
1497816600,0.00018784,0.00018784,0.00018784,0.00018784,0.037568,200.0,0.00018784
1497816900,0.00018779,0.00018778,0.00018779,0.00018778,0.13948379,742.7998313,0.00018778
1497817200,0.00018767,0.00018643,0.00018767,0.00018643,0.47858282,2550.17555173,0.00018766
1497817500,0.00018648,0.00018643,0.00018643,0.00018648,0.0342552,183.73403244,0.00018643
1497817800,0.00018767,0.00018453,0.00018648,0.00018507,1.44150727,7788.52343897,0.00018508
1497818100,0.00018747,0.00018465,0.00018466,0.00018747,0.22509983,1212.68137396,0.00018562
1497818400,0.00018745,0.00018636,0.00018745,0.00018636,0.06189963,332.09820806,0.00018638
1497818700,0.00018635,0.00018454,0.00018635,0.00018459,0.04961431,267.4610322,0.0001855
1497819000,0.00018459,0.00018454,0.00018459,0.00018459,0.81412989,4410.66776181,0.00018458
1497819300,0.0001847,0.00018461,0.0001847,0.00018466,0.39447483,2136.31401743,0.00018465
1497819600,0.0001847,0.00018462,0.0001847,0.00018462,1.63447993,8852.280146,0.00018463
1497819900,0.00018503,0.00018462,0.00018503,0.00018503,0.02339758,126.67452468,0.0001847
1497820200,0.00018498,0.00018462,0.00018498,0.00018497,0.0556716,301.28805503,0.00018477
1497820500,0.00018585,0.0001846,0.00018502,0.0001846,1.42056131,7694.85316931,0.00018461
1497820800,0.00018573,0.0001856,0.0001856,0.00018573,0.00464252,25.0,0.0001857
1497821100,0.00018573,0.00018573,0.00018573,0.00018573,0.0,0.0,0.00018573
1497821400,0.0001857,0.00018519,0.00018519,0.00018567,0.88617345,4773.32975101,0.00018565
1497821700,0.00018565,0.0001846,0.00018545,0.0001846,0.29526644,1599.05280369,0.00018465
1497822000,0.000186,0.00018466,0.00018469,0.00018599,0.20993246,1129.53515787,0.00018585
1497822300,0.00018568,0.0001845,0.00018568,0.0001845,1.30024778,7045.1410832,0.00018455
1497822600,0.00018453,0.0001845,0.0001845,0.00018453,0.13027553,706.09826965,0.0001845
1497822900,0.000186,0.0001845,0.00018453,0.000186,0.31379123,1691.69142307,0.00018548
1497823200,0.000186,0.0001845,0.000186,0.0001845,0.16978043,917.78652099,0.00018498
1497823500,0.00018634,0.00018429,0.0001847,0.00018634,0.20943464,1133.85525006,0.00018471
1497823800,0.00018618,0.00018581,0.00018617,0.00018581,0.03584371,192.74877562,0.00018596
1497824100,0.00018473,0.00018473,0.00018473,0.00018473,0.00016585,0.89782056,0.00018473
1497824400,0.00018473,0.00018473,0.00018473,0.00018473,0.0,0.0,0.00018473
1497824700,0.00018472,0.00018423,0.00018472,0.00018423,1.29461368,7026.84935212,0.00018423
1497825000,0.00018423,0.00018423,0.00018423,0.00018423,0.0,0.0,0.00018423
1497825300,0.00018473,0.00018423,0.00018473,0.00018423,0.09727714,526.91005362,0.00018461
1497825600,0.00018473,0.00018473,0.00018473,0.00018473,0.00055337,2.99556109,0.00018473
1497825900,0.00018424,0.00018423,0.00018424,0.00018424,0.21771733,1181.72138093,0.00018423
1497826200,0.00018424,0.00018423,0.00018424,0.00018424,0.10119154,549.26686743,0.00018423
1497826500,0.00018423,0.00018423,0.00018423,0.00018423,0.08087697,439.0,0.00018423
1497826800,0.00018423,0.00018423,0.00018423,0.00018423,0.0,0.0,0.00018423
1497827100,0.00018424,0.00018424,0.00018424,0.00018424,0.0027636,15.0,0.00018424
1497827400,0.00018423,0.00018423,0.00018423,0.00018423,0.70061796,3802.95262117,0.00018423
1497827700,0.00018423,0.0001842,0.00018423,0.00018422,0.91103744,4945.37848486,0.00018421
1497828000,0.00018413,0.00018409,0.00018413,0.00018411,0.72909333,3960.24354458,0.0001841
1497828300,0.00018408,0.00018408,0.00018408,0.00018408,0.00061518,3.34191901,0.00018408
1497828600,0.00018413,0.00018409,0.00018409,0.00018413,0.60785959,3301.40988147,0.00018412
1497828900,0.00018418,0.00018391,0.00018413,0.00018391,0.23066795,1253.13147912,0.00018407
1497829200,0.00018391,0.00018372,0.00018391,0.00018372,0.55474067,3016.73581845,0.00018388
1497829500,0.00018372,0.000183,0.00018372,0.000183,0.83154322,4531.9864956,0.00018348
1497829800,0.0001841,0.0001841,0.0001841,0.0001841,0.04999999,271.59152634,0.0001841
1497830100,0.0001841,0.00018372,0.0001841,0.00018372,0.18605187,1010.62415867,0.00018409
1497830400,0.00018372,0.00018372,0.00018372,0.00018372,0.0,0.0,0.00018372
1497830700,0.00018376,0.000183,0.00018376,0.000183,0.09746388,531.4277285,0.0001834
1497831000,0.000183,0.000183,0.000183,0.000183,0.02690671,147.031216,0.000183
1497831300,0.00018411,0.00018265,0.00018382,0.00018408,0.98645126,5380.07895334,0.00018335
1497831600,0.00018417,0.00018409,0.00018409,0.00018414,0.57451511,3120.69032931,0.00018409
1497831900,0.00018427,0.00018381,0.000184,0.00018426,3.65184059,19824.0406265,0.00018421
1497832200,0.00018439,0.00018439,0.00018439,0.00018439,0.01099557,59.63217229,0.00018439
1497832500,0.000185,0.00018449,0.0001845,0.000185,0.35821873,1940.52670002,0.00018459
1497832800,0.00018583,0.000185,0.000185,0.0001851,0.06740573,364.21626867,0.00018507
1497833100,0.00018511,0.00018509,0.0001851,0.00018511,0.10843707,585.82431289,0.0001851
1497833400,0.00018583,0.00018512,0.00018583,0.00018514,0.05669045,306.09172043,0.0001852
1497833700,0.00018583,0.00018581,0.00018581,0.00018582,0.14850701,799.1698355,0.00018582
1497834000,0.00018604,0.00018591,0.00018591,0.00018604,0.0282096,151.63454948,0.00018603
1497834300,0.00018608,0.00018601,0.00018601,0.00018608,0.00642226,34.51991438,0.00018604
1497834600,0.00018612,0.00018612,0.00018612,0.00018612,0.00099999,5.37287771,0.00018612
1497834900,0.0001866,0.00018635,0.00018635,0.0001866,0.14370418,770.63746997,0.00018647
1497835200,0.0001864,0.00018433,0.0001864,0.00018604,0.95019662,5135.74859988,0.00018501
1497835500,0.00018652,0.00018604,0.00018605,0.00018652,0.10114087,543.42272287,0.00018611
1497835800,0.00018653,0.00018437,0.00018611,0.00018442,0.3997572,2159.00566038,0.00018515
1497836100,0.00018461,0.0001846,0.00018461,0.0001846,0.03259571,176.57323073,0.0001846
1497836400,0.0001857,0.00018558,0.00018558,0.0001857,0.01682331,90.60278914,0.00018568
1497836700,0.00018586,0.00018463,0.00018463,0.00018586,3.30674326,17796.7722032,0.0001858
1497837000,0.00018586,0.00018586,0.00018586,0.00018586,0.0,0.0,0.00018586
1497837300,0.00018523,0.00018523,0.00018523,0.00018523,0.01044738,56.40220634,0.00018523
1497837600,0.0001857,0.0001857,0.0001857,0.0001857,0.00330632,17.80466754,0.0001857
1497837900,0.00018731,0.00018468,0.00018578,0.00018731,3.13714354,16783.7766168,0.00018691
1497838200,0.00018731,0.00018731,0.00018731,0.00018731,0.0,0.0,0.00018731
1497838500,0.00019024,0.00018538,0.00018578,0.00018538,3.43538111,18185.4091737,0.0001889
1497838800,0.00018551,0.00018551,0.00018551,0.00018551,0.05915993,318.90429399,0.00018551
1497839100,0.0001875,0.00018551,0.00018551,0.0001875,0.08221351,439.45059375,0.00018708
1497839400,0.00018805,0.0001878,0.00018805,0.00018781,0.06173973,328.73401593,0.00018781
1497839700,0.00018806,0.00018806,0.00018806,0.00018806,0.00019999,1.06349037,0.00018806
1497840000,0.00018806,0.00018806,0.00018806,0.00018806,0.0,0.0,0.00018806
1497840300,0.00018811,0.00018811,0.00018811,0.00018811,0.02088041,111.00106321,0.00018811
1497840600,0.0001879,0.0001879,0.0001879,0.0001879,0.0057813,30.76798,0.0001879
1497840900,0.0001879,0.0001879,0.0001879,0.0001879,0.0,0.0,0.0001879
1497841200,0.0001881,0.0001881,0.0001881,0.0001881,0.02900999,154.22647527,0.0001881
1497841500,0.00018795,0.00018791,0.00018795,0.00018793,0.20026833,1065.6490565,0.00018793
1497841800,0.00018893,0.00018798,0.00018799,0.00018893,0.23539009,1246.46877419,0.00018884
1497842100,0.00018808,0.0001879,0.00018799,0.00018808,0.04218298,224.43579268,0.00018795
1497842400,0.00018809,0.00018793,0.00018809,0.00018793,0.60031348,3194.25986687,0.00018793
1497842700,0.00018808,0.000188,0.00018808,0.00018807,0.10253281,545.30925062,0.00018802
1497843000,0.00018893,0.00018807,0.00018808,0.00018826,0.30898993,1641.61981417,0.00018822
1497843300,0.000191,0.00018808,0.00018825,0.00019008,3.19426925,16821.4415468,0.00018989
1497843600,0.00019008,0.00019004,0.00019008,0.00019005,0.10436126,549.04940205,0.00019007
1497843900,0.00019006,0.00019006,0.00019006,0.00019006,0.04939893,259.91230973,0.00019006
1497844200,0.00019006,0.00019003,0.00019006,0.00019003,0.13365316,703.22909641,0.00019005
1497844500,0.00019005,0.00018807,0.00018809,0.00018807,0.02657891,141.05183663,0.00018843
1497844800,0.00019108,0.00018807,0.00018807,0.00019108,0.18745177,990.61341237,0.00018922
1497845100,0.00019102,0.00018832,0.00019102,0.00018832,0.24038245,1268.06727379,0.00018956
1497845400,0.000191,0.00019066,0.00019068,0.000191,0.30733236,1610.48822697,0.00019083
1497845700,0.000191,0.000191,0.000191,0.000191,0.0,0.0,0.000191
1497846000,0.000191,0.000191,0.000191,0.000191,0.0,0.0,0.000191
1497846300,0.000191,0.000191,0.000191,0.000191,0.0,0.0,0.000191
1497846600,0.000191,0.00018925,0.00018925,0.000191,1.73514475,9103.77121042,0.00019059
1497846900,0.000191,0.00018826,0.000191,0.00018927,0.98041699,5172.90324074,0.00018952
1497847200,0.00018927,0.00018927,0.00018927,0.00018927,0.0,0.0,0.00018927
1497847500,0.00019,0.00018947,0.00018964,0.00019,0.08052612,424.39002882,0.00018974
1497847800,0.00019002,0.00018989,0.00018989,0.00019001,0.09964771,524.48602218,0.00018999
1497848100,0.00019135,0.00019015,0.00019062,0.00019135,0.49684171,2598.42470913,0.0001912
1497848400,0.00019136,0.00019,0.00019136,0.00019,0.18183844,950.33395821,0.00019134
1497848700,0.00019,0.00019,0.00019,0.00019,0.03249,171.0,0.00019
1497849000,0.00019135,0.000191,0.000191,0.00019135,0.31630577,1655.71390801,0.00019103
1497849300,0.0001914,0.000191,0.000191,0.0001914,0.04619459,241.77391896,0.00019106
1497849600,0.000191,0.00019001,0.000191,0.00019001,0.3048521,1596.14748776,0.00019099
1497849900,0.00019098,0.00019098,0.00019098,0.00019098,0.00199999,10.47230076,0.00019098
1497850200,0.00019001,0.00019,0.00019001,0.00019001,0.04879043,256.78383531,0.00019
1497850500,0.00019582,0.00019001,0.00019001,0.00019382,12.36267072,63738.9058188,0.00019395
1497850800,0.000193,0.00019295,0.00019295,0.000193,0.09278709,480.77671491,0.00019299
1497851100,0.00020119,0.00019301,0.00019301,0.00020114,15.22227396,76644.8465666,0.0001986
1497851400,0.00020112,0.00019682,0.00019846,0.00020047,1.42082498,7127.01023399,0.00019935
1497851700,0.00020112,0.00019723,0.00019919,0.0001987,5.35292999,26713.4826021,0.00020038
1497852000,0.00020199,0.00019873,0.00019927,0.00020112,5.85864466,29096.8877057,0.00020134
1497852300,0.00020215,0.00020197,0.00020197,0.00020201,2.54511195,12593.0674539,0.0002021
1497852600,0.00020248,0.00020116,0.00020201,0.00020217,2.53966316,12575.3046991,0.00020195
1497852900,0.0002026,0.00020216,0.00020249,0.0002026,1.63295108,8070.75327083,0.00020232
1497853200,0.000203,0.00020218,0.00020258,0.000203,0.64219899,3167.45445072,0.00020274
1497853500,0.00020354,0.00020303,0.00020303,0.0002032,1.81953125,8949.47950298,0.00020331
1497853800,0.0002034,0.0002032,0.0002032,0.00020325,0.38158002,1876.89596932,0.0002033
1497854100,0.00020335,0.000202,0.00020321,0.0002032,2.34793281,11562.7186625,0.00020306
1497854400,0.00020327,0.00020007,0.00020327,0.00020008,1.26623223,6318.00008892,0.00020041
1497854700,0.00020054,0.00020006,0.00020008,0.00020007,1.48200085,7403.92462582,0.00020016
1497855000,0.00020008,0.00019802,0.00020008,0.000199,1.45803172,7294.34732598,0.00019988
1497855300,0.00019865,0.00019722,0.00019809,0.00019864,1.16339038,5885.42067993,0.00019767
1497855600,0.00019921,0.0001992,0.0001992,0.00019921,0.07193302,361.09333684,0.0001992
1497855900,0.0001992,0.000197,0.0001992,0.000197,0.36316001,1837.71910739,0.00019761
1497856200,0.00019748,0.00019695,0.00019702,0.00019695,1.38607462,7037.00491552,0.00019696
1497856500,0.00019686,0.00019573,0.00019686,0.00019573,2.02900868,10353.4470216,0.00019597
1497856800,0.00019563,0.00019558,0.00019561,0.00019563,0.17914112,915.91149338,0.00019558
1497857100,0.00019854,0.00019563,0.00019563,0.00019765,1.04462586,5287.18826175,0.00019757
1497857400,0.00019765,0.00019558,0.00019675,0.00019566,0.53748455,2742.28502934,0.00019599
1497857700,0.00019834,0.00019566,0.0001976,0.0001969,0.84626676,4279.93137908,0.00019772
1497858000,0.00019828,0.00019672,0.00019672,0.00019828,0.71252688,3596.24269262,0.00019813
1497858300,0.00019826,0.00019821,0.00019821,0.00019824,0.05958493,300.56782491,0.00019824
1497858600,0.00019999,0.00019825,0.00019826,0.00019997,0.18945948,948.62701673,0.00019971
1497858900,0.00019999,0.00019997,0.00019998,0.00019997,0.53573484,2678.84479073,0.00019998
1497859200,0.00019998,0.00019997,0.00019998,0.00019997,0.00199994,10.00100005,0.00019997
1497859500,0.00019999,0.000199,0.00019901,0.00019902,1.23097001,6164.09359531,0.0001997
1497859800,0.0002015,0.0002,0.0002,0.0002015,1.93736368,9653.86879502,0.00020068
1497860100,0.00020391,0.0002015,0.0002015,0.00020391,3.09195925,15259.5328813,0.00020262
1497860400,0.00020431,0.00020278,0.00020387,0.00020278,0.99875921,4894.32326692,0.00020406
1497860700,0.00020438,0.00020278,0.00020278,0.000203,2.0692958,10185.6873463,0.00020315
1497861000,0.00020474,0.000203,0.00020419,0.0002042,1.67203777,8189.46481043,0.00020416
1497861300,0.0002049,0.00020475,0.00020475,0.0002049,2.58253636,12607.1267844,0.00020484
1497861600,0.00020533,0.0002049,0.0002049,0.00020533,0.97490411,4754.32288811,0.00020505
1497861900,0.00020541,0.0002049,0.00020533,0.00020541,1.39246242,6783.14463421,0.00020528
1497862200,0.00020543,0.0002054,0.0002054,0.00020541,0.44163563,2149.93789631,0.00020541
1497862500,0.00020543,0.00020541,0.00020542,0.00020541,1.82419565,8880.25134902,0.00020542
1497862800,0.0002055,0.00020539,0.0002054,0.0002055,1.094377,5326.94921227,0.00020544
1497863100,0.0002057,0.0002055,0.00020551,0.0002055,0.20394874,991.88511021,0.00020561
1497863400,0.00020769,0.0002056,0.0002056,0.00020768,1.84541699,8932.08939922,0.0002066
1497863700,0.00020769,0.000203,0.00020769,0.00020678,4.0526385,19806.4643159,0.00020461
1497864000,0.00020541,0.0002031,0.00020541,0.0002031,0.57057126,2790.0249498,0.0002045
1497864300,0.0002035,0.00020304,0.00020305,0.00020349,0.55007842,2707.90112166,0.00020313
1497864600,0.0002035,0.00020207,0.00020349,0.00020211,4.65858162,22946.6244606,0.00020301
1497864900,0.0002035,0.00020212,0.0002022,0.00020213,0.33586372,1659.02433507,0.00020244
1497865200,0.00020213,0.0002017,0.00020213,0.0002017,0.80237061,3970.02205112,0.0002021
1497865500,0.00020169,0.00020149,0.00020169,0.00020149,0.29708364,1473.65647053,0.00020159
1497865800,0.00020217,0.00020149,0.00020149,0.00020217,1.06805023,5288.04865431,0.00020197
1497866100,0.00020529,0.00020217,0.00020218,0.00020529,2.01609176,9856.48208464,0.00020454
1497866400,0.000207,0.00020417,0.00020417,0.000207,3.96316366,19187.3541021,0.00020655
1497866700,0.00020735,0.000206,0.00020735,0.00020699,0.14881009,720.89530795,0.00020642
1497867000,0.00020774,0.00020699,0.00020699,0.00020774,1.64375121,7917.26651425,0.00020761
1497867300,0.00020805,0.00020772,0.00020772,0.00020805,1.08261311,5207.92174933,0.00020787
1497867600,0.00020816,0.000207,0.00020805,0.00020816,0.50985556,2452.9151527,0.00020785
1497867900,0.0002083,0.00020809,0.00020816,0.00020823,1.69115903,8120.37473999,0.00020826
1497868200,0.00020822,0.000207,0.00020822,0.00020808,0.64529962,3111.6155743,0.00020738
1497868500,0.000208,0.00020533,0.00020752,0.00020533,1.55602989,7559.15256048,0.00020584
1497868800,0.000207,0.00020492,0.00020673,0.00020497,0.72326241,3519.79828116,0.00020548
1497869100,0.000207,0.00020499,0.000205,0.00020542,0.75476282,3680.6652695,0.00020506
1497869400,0.00020809,0.00020542,0.00020542,0.00020544,1.3032379,6267.21603888,0.00020794
1497869700,0.00020798,0.00020793,0.00020793,0.00020793,0.22653604,1089.3522119,0.00020795
1497870000,0.00020791,0.00020642,0.00020642,0.00020702,0.17952804,867.22798042,0.00020701
1497870300,0.00020789,0.000207,0.000207,0.000207,0.17328942,836.79237324,0.00020708
1497870600,0.000207,0.00020601,0.000207,0.00020601,0.18460349,891.82021417,0.00020699
1497870900,0.00020601,0.00020601,0.00020601,0.00020601,0.05988232,290.67677044,0.00020601
1497871200,0.000207,0.00020601,0.00020601,0.00020602,0.62513719,3023.84831767,0.00020673
1497871500,0.000207,0.00020601,0.00020699,0.00020601,0.80340933,3882.96409975,0.0002069
1497871800,0.0002083,0.0002059,0.00020601,0.0002083,4.56303271,22028.5042152,0.00020714
1497872100,0.00020681,0.00020588,0.0002067,0.000206,2.08733421,10100.315779,0.00020666
1497872400,0.000206,0.00020416,0.00020599,0.00020416,2.35308793,11501.2422193,0.00020459
1497872700,0.0002066,0.00020419,0.00020419,0.0002066,4.43069578,21473.9687496,0.00020632
1497873000,0.00020848,0.00020434,0.0002066,0.00020848,1.49095442,7208.07545327,0.00020684
1497873300,0.0002116,0.00020751,0.00020751,0.00020901,12.84988243,61265.0942034,0.00020974
1497873600,0.00021048,0.00020901,0.00021048,0.00020915,0.38437933,1834.00086508,0.00020958
1497873900,0.00020999,0.00020815,0.00020916,0.00020815,1.07127634,5120.44274342,0.00020921
1497874200,0.0002095,0.00020815,0.00020815,0.00020948,0.15970184,764.86962748,0.00020879
1497874500,0.0002095,0.00020618,0.00020948,0.0002094,0.95978926,4610.90038429,0.00020815
1497874800,0.00020928,0.00020688,0.00020688,0.00020899,0.33952832,1626.03551999,0.0002088
1497875100,0.000209,0.00020632,0.000209,0.00020835,1.52642278,7346.24387992,0.00020778
1497875400,0.00020835,0.00020641,0.0002068,0.000208,0.16601119,803.33907052,0.00020665
1497875700,0.00020668,0.00020616,0.00020668,0.0002065,0.81329957,3939.87855086,0.00020642
1497876000,0.00020667,0.00020618,0.00020656,0.00020618,0.36873951,1785.23145236,0.00020654
1497876300,0.00020618,0.00020616,0.00020618,0.00020616,0.67129828,3256.19349918,0.00020616
1497876600,0.00020616,0.0002054,0.00020616,0.00020601,0.59458602,2885.122181,0.00020608
1497876900,0.00020601,0.000206,0.000206,0.000206,0.42028803,2040.2068221,0.000206
1497877200,0.00020667,0.00020504,0.000206,0.00020667,5.37437364,26117.4080941,0.00020577
1497877500,0.0002084,0.00020539,0.00020667,0.00020698,0.7362808,3542.65216678,0.00020783
1497877800,0.00020699,0.00020555,0.00020699,0.00020555,0.12513371,604.88980033,0.00020687
1497878100,0.00020555,0.00020539,0.00020554,0.00020539,0.10474819,509.87356131,0.00020543
1497878400,0.00020554,0.00020539,0.00020554,0.00020539,0.10803188,525.96039086,0.00020539
1497878700,0.00020536,0.00020525,0.00020536,0.00020536,0.08622737,419.93740755,0.00020533
1497879000,0.00020696,0.0002051,0.00020536,0.00020556,1.95189841,9507.02161353,0.00020531
1497879300,0.000207,0.00020503,0.00020555,0.00020664,2.47668525,12024.9431398,0.00020596
1497879600,0.00020734,0.00020701,0.00020734,0.00020701,0.52650652,2539.99435242,0.00020728
1497879900,0.0002072,0.00020662,0.00020701,0.0002072,1.76830437,8555.69844308,0.00020668
1497880200,0.00020716,0.00020514,0.00020542,0.00020514,2.67025728,12998.0243666,0.00020543
1497880500,0.00020737,0.00020514,0.00020514,0.00020663,0.12848475,625.8337279,0.0002053
1497880800,0.00020763,0.0002054,0.00020661,0.00020757,0.96983462,4673.85424985,0.0002075
1497881100,0.00020662,0.00020522,0.00020541,0.00020662,0.15992022,777.45724607,0.00020569
1497881400,0.00020699,0.00020661,0.00020661,0.00020699,1.65611634,8009.73762128,0.00020676
1497881700,0.00020699,0.00020698,0.00020699,0.00020698,0.23388394,1129.96183222,0.00020698
1497882000,0.00020698,0.00020698,0.00020698,0.00020698,0.08572814,414.18565215,0.00020698
1497882300,0.00020698,0.00020698,0.00020698,0.00020698,0.66396548,3207.87267694,0.00020698
1497882600,0.00020663,0.00020528,0.00020663,0.00020663,0.22641889,1096.92648975,0.00020641
1497882900,0.0002065,0.00020503,0.0002065,0.00020503,3.6949094,18020.2033862,0.00020504
1497883200,0.00020514,0.00020503,0.00020514,0.00020503,1.05933078,5166.36431668,0.00020504
1497883500,0.00020514,0.00020503,0.0002051,0.00020503,0.69508235,3390.11975085,0.00020503
1497883800,0.00020555,0.00020503,0.00020503,0.00020511,0.04010887,195.35132835,0.00020531
1497884100,0.00020663,0.00020512,0.00020512,0.00020521,0.51017465,2469.46480958,0.00020659
1497884400,0.000207,0.00020521,0.00020521,0.000207,0.25123491,1215.77013877,0.00020664
1497884700,0.00020702,0.00020528,0.0002069,0.00020702,0.24851243,1207.55914661,0.00020579
1497885000,0.00020701,0.00020532,0.00020695,0.0002055,0.35141157,1704.26950721,0.00020619
1497885300,0.00020701,0.0002055,0.0002055,0.0002055,0.61440073,2989.77146157,0.0002055
1497885600,0.00020703,0.00020516,0.00020699,0.00020702,0.70084046,3385.62590344,0.000207
1497885900,0.00020701,0.00020519,0.00020519,0.00020701,0.02694734,130.35316101,0.00020672
1497886200,0.00020702,0.00020527,0.000207,0.00020702,0.80218356,3896.32807348,0.00020588
1497886500,0.00020553,0.00020553,0.00020553,0.00020553,0.01916001,93.22247173,0.00020553
1497886800,0.00020696,0.00020695,0.00020695,0.00020696,0.65778418,3178.33909318,0.00020695
1497887100,0.0002065,0.0002055,0.0002055,0.0002065,0.7487847,3637.45477425,0.00020585
1497887400,0.0002065,0.0002055,0.000206,0.000206,0.58156101,2825.53085814,0.00020582
1497887700,0.000206,0.0002059,0.0002059,0.000206,0.13182884,640.0,0.00020598
1497888000,0.000206,0.00020501,0.0002055,0.000206,1.38736795,6754.40246509,0.0002054
1497888300,0.00020665,0.00020665,0.00020665,0.00020665,0.49999999,2419.5499637,0.00020665
1497888600,0.00020666,0.00020505,0.00020611,0.00020506,1.56222561,7581.68702788,0.00020605
1497888900,0.00020683,0.00020505,0.00020505,0.00020506,1.1051201,5357.37834822,0.00020628
1497889200,0.00020909,0.00020509,0.00020511,0.00020902,4.71374505,22698.6014284,0.00020766
1497889500,0.00021142,0.000209,0.000209,0.00021142,4.14013708,19682.0677138,0.00021035
1497889800,0.00021184,0.0002112,0.0002112,0.00021184,2.93988234,13900.2892071,0.00021149
1497890100,0.00021193,0.00020952,0.00021188,0.00021193,2.00128202,9478.36404934,0.00021114
1497890400,0.0002133,0.00020951,0.00021193,0.00021193,3.88748431,18263.7918268,0.00021285
1497890700,0.00021335,0.00021169,0.00021257,0.000213,1.3222677,6227.92225635,0.00021231
1497891000,0.0002134,0.000213,0.00021329,0.0002134,2.34060566,10969.1429439,0.00021338
1497891300,0.000217,0.0002122,0.0002134,0.00021249,22.78860293,106194.097113,0.00021459
1497891600,0.00021469,0.00021332,0.00021469,0.00021398,1.04633442,4887.56285263,0.00021408
1497891900,0.00021398,0.00021357,0.00021398,0.00021357,2.20399679,10318.5144725,0.00021359
1497892200,0.00021357,0.00020964,0.00021357,0.00021249,5.13935893,24287.841338,0.0002116
1497892500,0.00021052,0.00020827,0.00021052,0.00020827,8.32273545,39845.6956907,0.00020887
1497892800,0.00021356,0.00020863,0.00020938,0.00021255,0.61089056,2901.38362003,0.00021055
1497893100,0.00021356,0.00021255,0.00021255,0.00021355,0.19626868,919.13116663,0.00021353
1497893400,0.00021397,0.00021149,0.00021353,0.00021397,5.29725494,24791.833061,0.00021366
1497893700,0.00021471,0.00021399,0.00021399,0.00021423,0.78729414,3675.5072731,0.0002142
1497894000,0.0002159,0.00021547,0.00021547,0.00021573,0.88817616,4117.06977492,0.00021573
1497894300,0.00021572,0.000214,0.00021572,0.000214,3.15003602,14693.4721335,0.00021438
1497894600,0.00021566,0.00021391,0.00021392,0.00021565,0.90883273,4236.88293169,0.0002145
1497894900,0.00021587,0.00021461,0.00021565,0.00021587,0.6766863,3137.76726771,0.00021565
1497895200,0.00021591,0.00021577,0.00021579,0.00021591,0.32712784,1515.71646608,0.00021582
1497895500,0.00021597,0.00021589,0.00021591,0.00021589,0.01620372,75.04802009,0.00021591
1497895800,0.0002158,0.0002156,0.00021568,0.0002156,0.67727137,3140.74764357,0.00021564
1497896100,0.00021565,0.0002156,0.00021565,0.00021564,0.04611729,213.89982081,0.0002156
1497896400,0.00021568,0.00021469,0.00021559,0.00021469,1.17064108,5429.24511208,0.00021561
1497896700,0.000216,0.00021264,0.00021469,0.0002147,1.95830968,9136.61916861,0.00021433
1497897000,0.00021625,0.00021468,0.000215,0.00021618,0.95385673,4414.58133394,0.00021606
1497897300,0.00021625,0.00021618,0.00021625,0.00021618,1.52941173,7074.06941168,0.00021619
1497897600,0.0002175,0.00021619,0.00021625,0.00021632,0.99231313,4571.25503389,0.00021707
1497897900,0.00021759,0.00021746,0.00021746,0.00021759,1.66923782,7674.49514863,0.0002175
1497898200,0.00021793,0.00021758,0.0002176,0.00021793,1.77160184,8135.45821175,0.00021776
1497898500,0.00021887,0.00021793,0.00021793,0.00021887,1.77271776,8119.85305762,0.00021831
1497898800,0.00021899,0.000218,0.00021875,0.00021899,1.20321266,5503.5994444,0.00021862
1497899100,0.00021899,0.0002183,0.00021899,0.00021899,1.67945876,7672.67074199,0.00021888
1497899400,0.00021902,0.000219,0.000219,0.000219,2.91784519,13323.4894116,0.000219
1497899700,0.00021915,0.000219,0.00021907,0.00021915,0.23302626,1064.02658194,0.000219
1497900000,0.00021948,0.00021904,0.00021919,0.00021925,2.41313184,10999.1897801,0.00021939
1497900300,0.00021948,0.00021947,0.00021947,0.00021948,0.55702164,2537.9184436,0.00021947
1497900600,0.00021947,0.00021925,0.00021947,0.00021925,0.73008967,3328.91230276,0.00021931
1497900900,0.00021948,0.00021925,0.00021946,0.00021932,0.28452812,1297.0390659,0.00021936
1497901200,0.00021948,0.000219,0.00021932,0.00021948,1.50006393,6842.43033496,0.00021922
1497901500,0.00021948,0.00021801,0.000219,0.00021947,3.63407071,16594.694546,0.00021898
1497901800,0.00021947,0.00021802,0.00021947,0.00021802,0.735304,3360.99308376,0.00021877
1497902100,0.00021802,0.00021618,0.00021801,0.00021802,2.50588712,11534.2691611,0.00021725
1497902400,0.00021802,0.00021501,0.00021691,0.00021621,1.90029443,8793.29121028,0.0002161
1497902700,0.00021792,0.00021621,0.00021621,0.00021792,0.43033837,1990.22379542,0.00021622
1497903000,0.00021793,0.00021622,0.00021791,0.000217,0.51347924,2368.37707901,0.0002168
1497903300,0.00021787,0.00021625,0.000217,0.00021787,0.37404518,1722.98821147,0.00021709
1497903600,0.00021801,0.000217,0.00021786,0.00021801,0.77790407,3573.28826734,0.00021769
1497903900,0.00021902,0.00021793,0.00021801,0.00021901,1.81389924,8289.96830812,0.0002188
1497904200,0.00021918,0.00021901,0.00021902,0.00021918,0.45366578,2071.15107903,0.00021904
1497904500,0.00021948,0.00021918,0.00021918,0.00021948,1.21921676,5556.38428187,0.00021942
1497904800,0.00021989,0.0002193,0.00021948,0.0002195,2.98708257,13596.8527518,0.00021968
1497905100,0.00021999,0.00021988,0.00021988,0.00021999,0.57588092,2618.24938746,0.00021994
1497905400,0.00022,0.00021989,0.00021999,0.00021998,1.15463256,5249.7163414,0.00021994
1497905700,0.00022,0.00021949,0.00021989,0.00022,10.3518821,47056.4440917,0.00021998
1497906000,0.00022039,0.00022,0.00022,0.00022039,1.60456891,7285.67075042,0.00022023
1497906300,0.00022037,0.00021802,0.00022037,0.00021804,2.05704807,9412.43339795,0.00021854
1497906600,0.00021999,0.00021204,0.00021998,0.00021204,8.48941659,39557.3062429,0.00021461
1497906900,0.000213,0.00021203,0.00021203,0.00021269,4.31357274,20298.344224,0.0002125
1497907200,0.000213,0.00021268,0.00021269,0.000213,2.7655123,13002.5471196,0.00021269
1497907500,0.00021602,0.000213,0.000213,0.000214,0.73463999,3427.07215208,0.00021436
1497907800,0.00021432,0.00021287,0.00021432,0.00021402,0.64790641,3034.08735187,0.00021354
1497908100,0.00021432,0.00021398,0.00021404,0.00021425,0.20114642,939.17313774,0.00021417
1497908400,0.000215,0.00021469,0.00021469,0.000215,0.0628291,292.63587206,0.0002147
1497908700,0.00021588,0.00021429,0.000215,0.0002143,0.397309,1842.08957372,0.00021568
1497909000,0.00021577,0.00021426,0.00021426,0.0002152,0.1854197,863.19240837,0.0002148
1497909300,0.00021577,0.00021501,0.00021507,0.00021577,0.48423898,2248.88020234,0.00021532
1497909600,0.0002159,0.00021577,0.00021577,0.0002159,0.00307811,14.25885228,0.00021587
1497909900,0.00021592,0.0002159,0.0002159,0.00021592,0.19407596,898.86712048,0.00021591
1497910200,0.0002167,0.00021597,0.00021597,0.00021597,0.14246407,658.72718298,0.00021627
1497910500,0.00021598,0.00021597,0.00021597,0.00021598,0.0648251,300.14838255,0.00021597
1497910800,0.00021598,0.000215,0.00021598,0.00021597,0.32304828,1497.09424728,0.00021578
1497911100,0.00021597,0.000215,0.00021597,0.00021501,0.15359844,713.7236556,0.0002152
1497911400,0.000215,0.0002123,0.000215,0.00021273,1.00144137,4682.17414057,0.00021388
1497911700,0.00021273,0.00021203,0.00021273,0.00021203,1.2265558,5772.91176604,0.00021246
1497912000,0.00021232,0.00021203,0.00021232,0.00021203,0.5723913,2699.13768842,0.00021206
1497912300,0.00021231,0.00021202,0.00021231,0.00021202,1.3072614,6165.41099458,0.00021203
1497912600,0.00021232,0.00021202,0.00021203,0.00021202,1.76240024,8309.88370789,0.00021208
1497912900,0.00021203,0.000212,0.000212,0.00021203,1.6939299,7989.89737067,0.000212
1497913200,0.00021201,0.000212,0.00021201,0.000212,0.10539699,497.155204,0.000212
